model,seed,fold_id,train_rmse,test_rmse,train_r2,test_r2
CatBoost,32,1,2.1247239375887412,5.723599555855444,0.9985582875948742,0.9891692143472203
CatBoost,32,2,2.3248001185742493,16.07770690523179,0.9981131414085915,0.9364990951259905
CatBoost,32,3,2.3800123094318706,5.616329542215131,0.9982332161789856,0.9884231566140671
CatBoost,32,4,2.437495186367671,4.136459874765769,0.9981524284272097,0.9936035978873499
CatBoost,32,5,2.340277424406023,4.756489041867864,0.9982507254632524,0.9925220919916763
XGBoost,32,1,0.9993830186776168,5.891117299001578,0.9996810390286618,0.9885259478709951
XGBoost,32,2,1.8422981348503193,14.784194722510449,0.9988150829728792,0.9463058406393254
XGBoost,32,3,1.5784749484244123,6.044876789076714,0.9992228579751371,0.9865890389968548
XGBoost,32,4,1.4574622826549157,4.071095841279041,0.99933944590817,0.9938041516478675
XGBoost,32,5,1.3855661602229314,4.624791731784052,0.9993868343406357,0.9929304547757034
LGBM,32,1,2.6123332447044483,6.924894971630025,0.9978206310033282,0.9841456712164445
LGBM,32,2,2.896024965441556,15.570127750449702,0.9970719889034656,0.9404452986364924
LGBM,32,3,2.5884924274080436,6.932762319650837,0.9979101322471345,0.9823600391962989
LGBM,32,4,3.262575879599282,5.0552419404895,0.9966899467519169,0.9904465107939403
LGBM,32,5,3.0035476033434003,5.828040174190653,0.9971186744722939,0.9887732981075363
RFR,32,1,2.447688723705958,5.897122079831869,0.9980866871513693,0.9885025450837045
RFR,32,2,2.2076906433414876,15.756047046996123,0.9982984506498859,0.9390145493636992
RFR,32,3,2.322585912338718,6.310718767218594,0.998317447662975,0.9853835250561361
RFR,32,4,2.560333005168213,5.262305148715682,0.9979615190958006,0.9896478589022746
RFR,32,5,2.5222358155456233,5.175290789789143,0.9979681358643289,0.9911472819794668
GBR,32,1,5.145655714518403,7.122186719915829,0.9915441929592335,0.9832294158996296
GBR,32,2,5.234244914424501,19.99835059567683,0.9904351933576402,0.9017528287207381
GBR,32,3,5.053363433753078,8.450420589247353,0.9920349946087905,0.9737915315253245
GBR,32,4,5.105668745004033,6.6361516300374985,0.9918937684142736,0.983536933679378
GBR,32,5,5.353923340530007,7.005823798580643,0.9908448052937503,0.9837772103217062
BRT,32,1,4.6359184071512125,6.168942822330031,0.9931365072194189,0.9874181944694009
BRT,32,2,3.723495520683389,16.647631323442457,0.9951597277848002,0.9319173269875228
BRT,32,3,4.389690998788004,6.0801348541985005,0.9939897448718557,0.9864321380251736
BRT,32,4,5.456125993843167,4.608782443236117,0.9907427387711987,0.9920594507826479
BRT,32,5,4.495121953907311,6.020636740857543,0.9935463375643934,0.9880190303985205
CatBoost,42,1,2.35726599185116,5.554606318064786,0.9981701933680572,0.9909180706231845
CatBoost,42,2,2.188746076318287,6.111326363395463,0.9984388866009519,0.9885934347634445
CatBoost,42,3,2.383937363025947,3.773565142136595,0.9981900764989096,0.9952319914588104
CatBoost,42,4,2.3010474817627986,6.434833367046912,0.9982718558733126,0.9874332216310149
CatBoost,42,5,2.520975052787041,4.747903895234232,0.9980386748341141,0.9912829004187651
XGBoost,42,1,1.4143550087969976,6.154821153841246,0.9993412738845956,0.9888492923829149
XGBoost,42,2,1.2930577324931172,6.5647678806987395,0.9994551467802967,0.9868379758231198
XGBoost,42,3,1.465822411814675,3.766927907625848,0.9993157209342513,0.9952487493832674
XGBoost,42,4,1.1605425877709141,6.7349898728079225,0.9995604068025591,0.9862335094937212
XGBoost,42,5,1.362613305876276,6.36047922665711,0.9994269958651867,0.9843559986354458
LGBM,42,1,3.2887700476308677,5.982955048343297,0.9964383188907328,0.9894633383938382
LGBM,42,2,3.1735832950891254,7.371967162212882,0.9967179628461402,0.9834021926774809
LGBM,42,3,3.048268648672781,4.6794150238075485,0.9970407816088817,0.9926681013696811
LGBM,42,4,3.1085410857680955,9.084029397642096,0.9968461428208314,0.9749558435830432
LGBM,42,5,2.920661800958648,6.733348791683329,0.9973674595920244,0.9824680432094771
RFR,42,1,2.4497562867873914,6.523622105106674,0.9980237868826628,0.9874729403878962
RFR,42,2,2.8226807900326985,7.205464464469181,0.9974036261554174,0.9841434794015741
RFR,42,3,2.49030330203212,3.762998281851348,0.9980249639485562,0.9952586571377139
RFR,42,4,3.0952885493760336,9.260499204535698,0.9968729769599805,0.9739733577150922
RFR,42,5,2.368257484279528,5.726561705631265,0.9982691065209117,0.9873189253957634
GBR,42,1,5.280359076652383,7.596148747974053,0.9908184727173588,0.9830152767903044
GBR,42,2,5.185230752794858,7.74393015863144,0.9912384717340059,0.9816850056242203
GBR,42,3,5.178747489279033,6.179118644238613,0.9914587779985448,0.9872154222141359
GBR,42,4,4.95007417977786,8.438183106214387,0.9920025374838127,0.9783903747255991
GBR,42,5,5.147959626065574,8.048783291168773,0.9918213284178606,0.9749487940774956
BRT,42,1,4.864154255215376,5.949876644279529,0.9922088297566908,0.9895795259496862
BRT,42,2,5.2473662877244305,10.37964244973235,0.9910272317310836,0.9670959980904705
BRT,42,3,4.7398894895068535,4.329533850359644,0.9928450439398886,0.9937235279280315
BRT,42,4,6.164775184610375,11.985782971043518,0.9875959563480279,0.9564004341526858
BRT,42,5,4.755397582746693,7.177322997735772,0.9930211129385678,0.9800798249677327
CatBoost,52,1,2.334887489956523,4.312468250699588,0.9982844060112803,0.9934370633971306
CatBoost,52,2,2.4835104319484365,16.484762733654776,0.9979563432605433,0.9218499434721824
CatBoost,52,3,2.275343166385978,6.339360688110325,0.998328323330054,0.9872816644036368
CatBoost,52,4,2.4012588952875187,4.708796580207197,0.9981866595192422,0.992157038228505
CatBoost,52,5,2.36974275156765,6.867569994847895,0.9981749443883292,0.9854398330806564
XGBoost,52,1,1.4367460566960568,5.096204270099632,0.9993504050695073,0.9908348401815498
XGBoost,52,2,1.3168624009392909,14.425139353769785,0.9994254117107194,0.940158299008697
XGBoost,52,3,1.3971536930382866,8.015516682494352,0.9993697006846023,0.9796669560018847
XGBoost,52,4,1.5140776471295,6.716384809351014,0.9992790623955374,0.9840437298398947
XGBoost,52,5,1.4820952207907498,5.665510301263218,0.999286118859078,0.9900908082611429
LGBM,52,1,2.900193528999014,6.28242016402616,0.9973531059500155,0.9860716284209303
LGBM,52,2,2.932114447007928,15.962381291945038,0.9971513584130509,0.9267244214347174
LGBM,52,3,2.885170760820353,6.706947900279338,0.9973121717520816,0.9857639592912933
LGBM,52,4,2.9482440341387006,5.994937357969076,0.9972664423326986,0.9872875417871929
LGBM,52,5,2.8623046783813204,7.389445633908672,0.9973374031356693,0.98314286047785
RFR,52,1,2.565430886851139,4.8940799389573835,0.9979288896563454,0.9915474352735484
RFR,52,2,2.4329128274656964,16.201279843477995,0.9980387675468071,0.9245146727219224
RFR,52,3,2.2301130562784177,7.818978912424577,0.9983941231777749,0.980651850278042
RFR,52,4,2.4883579541090293,5.053186721129116,0.9980527258784523,0.990967854357993
RFR,52,5,2.3190356069740012,6.838816895206482,0.9982522129013464,0.9855614986858325
GBR,52,1,5.2219222098758875,6.234281937114074,0.9914188914628527,0.9862842593287757
GBR,52,2,5.289175183531593,18.61105215467655,0.9907305945734859,0.9003893561038101
GBR,52,3,5.023086202185134,9.160358113879736,0.9918529621908669,0.9734439021477638
GBR,52,4,5.319271641467144,6.883921475745931,0.9911017270826051,0.9832377599856486
GBR,52,5,4.94866543825791,9.096199400542174,0.9920411580063737,0.9744565173816346
BRT,52,1,5.037303742996554,4.487024845705039,0.9920149272472658,0.9928950122045686
BRT,52,2,3.931724353077197,18.28047190945865,0.9948779702137849,0.9038966114813078
BRT,52,3,4.573250812567431,8.330692946708904,0.9932468171364386,0.9780364968478571
BRT,52,4,4.899303280232388,5.842908449958155,0.9924513370918681,0.9879241307350974
BRT,52,5,4.574215032676353,6.834981238455364,0.9932000323121072,0.985577690259669
CatBoost,62,1,2.3407927523409504,4.851409515759056,0.9982323049488756,0.9925296823837081
CatBoost,62,2,2.208389427414263,5.407512350309012,0.9984281466201462,0.9906855648827405
CatBoost,62,3,2.4897858242151427,4.227085451109223,0.9980054267371784,0.9942682197723169
CatBoost,62,4,2.2536988887064973,6.060354906603817,0.9984082228909698,0.9868203117130001
CatBoost,62,5,2.3725793970354405,4.796363392634023,0.998153796873931,0.9931411181510169
XGBoost,62,1,1.4274131414069064,5.959427301791551,0.999342674017302,0.9887277075350734
XGBoost,62,2,1.3458735305050953,5.563541928933562,0.9994161931069971,0.9901402883826622
XGBoost,62,3,1.6813582464417098,3.760128924769385,0.9990904082141602,0.9954646276560074
XGBoost,62,4,1.2164025261574305,5.822125167785589,0.9995362914532068,0.9878361207965239
XGBoost,62,5,1.3171801819240327,5.385932597815428,0.9994309789299551,0.9913512968558849
LGBM,62,1,2.9620332300427674,7.747955344067109,0.9971695123084301,0.9809463837670449
LGBM,62,2,3.0462934778804467,5.56621628137623,0.9970090841382204,0.9901308071271181
LGBM,62,3,2.7860739721563115,4.821868869543902,0.9975024666318278,0.9925417271612738
LGBM,62,4,2.8229045349473383,7.482613255683226,0.9975026301939338,0.9799083492313369
LGBM,62,5,3.3816630245046246,6.135357274991427,0.9962494182999223,0.9887770021977749
RFR,62,1,2.533045636315519,6.238140725472021,0.9979300138178312,0.9876486755192223
RFR,62,2,2.782705732657634,7.541445593038395,0.9975042833288901,0.9818836506759864
RFR,62,3,2.4372785785288404,4.4844336741897575,0.9980886670090233,0.9935490647068123
RFR,62,4,2.536802403633948,7.284847281711333,0.9979831957174339,0.9809563616143401
RFR,62,5,2.85622878535449,6.801084683492706,0.9973243829431889,0.9862093248818741
GBR,62,1,5.165985795855556,7.909367475455446,0.9913903036808781,0.9801442313917629
GBR,62,2,5.170149166225949,8.234653038232748,0.991384770298132,0.9784000825106127
GBR,62,3,5.163775666760179,6.36989432085055,0.9914205243389463,0.9869841681292932
GBR,62,4,5.254165437447109,7.680314704050402,0.9913483695528396,0.9788326225383026
GBR,62,5,5.208345416641857,7.104477839838795,0.9911031241527699,0.9849514903751184
BRT,62,1,4.9411084449948595,6.7646775540001896,0.9921235560072262,0.9854756269056782
BRT,62,2,5.138550166360484,10.579104883247421,0.9914897578780139,0.9643500169679108
BRT,62,3,4.666960587487545,5.056714521180445,0.9929919969889295,0.9917975357232806
BRT,62,4,5.609854647810124,7.477667992657959,0.9901373484111928,0.9799348976205766
BRT,62,5,5.302986648990584,9.441210458433972,0.9907768549247421,0.9734243117806735
CatBoost,72,1,2.2955235260762326,4.233586672580993,0.9983162886027899,0.994087344639858
CatBoost,72,2,2.321008920086923,5.522991589742994,0.9982904955980244,0.9896267794499181
CatBoost,72,3,2.3473635852862857,4.631152430574137,0.9982193546266082,0.9932326206878164
CatBoost,72,4,2.5053606767094565,5.192249497335869,0.9979657962945524,0.991592675151903
CatBoost,72,5,2.307123601685886,6.275494762600814,0.9982767935112107,0.9876732050242446
XGBoost,72,1,1.4373675251709495,5.095658273654768,0.9993398542790322,0.9914342332189054
XGBoost,72,2,1.028226573873471,7.047109153153134,0.9996644986655856,0.9831116646282657
XGBoost,72,3,1.6059023546879097,5.259573169705139,0.9991665971538791,0.991271424544294
XGBoost,72,4,1.3357246083254881,6.183814412381628,0.9994217870926116,0.9880749662550874
XGBoost,72,5,1.4335703924476852,6.2277067642643145,0.9993346753056382,0.9878602277149255
LGBM,72,1,3.536378110711678,5.841801842024305,0.9960040362204232,0.9887420504713564
LGBM,72,2,2.815255355905351,6.9701162322731935,0.9974849177564632,0.9834786744613548
LGBM,72,3,2.5832244181376462,5.977229790418641,0.9978435421000182,0.9887269282113842
LGBM,72,4,3.2027724782357923,9.041390651020935,0.9966756548834012,0.9745072204279166
LGBM,72,5,2.8724360681520404,6.282186521926156,0.9973288619119769,0.9876469021021291
RFR,72,1,3.0580631047063753,6.67540131663155,0.9970118868299509,0.9852998957466225
RFR,72,2,2.3367002341568712,7.070729269513455,0.9982673030595635,0.9829982640973474
RFR,72,3,2.5205487728051774,5.200030216620803,0.9979469150452578,0.9914679360372439
RFR,72,4,2.9793078687348764,7.101239342633754,0.9971233654309188,0.9842741176081501
RFR,72,5,2.40623905943601,6.3607365436269605,0.9981255531014397,0.9873360541330152
GBR,72,1,4.976925425567581,7.570910619432867,0.9920854464448196,0.9810912903683338
GBR,72,2,5.106123385637245,8.690926319957395,0.9917263105769958,0.9743139700801053
GBR,72,3,5.346767009480739,6.088522429701131,0.9907615475277906,0.9883032235789065
GBR,72,4,5.085643181259042,7.450298217730146,0.9916180377651667,0.9826901208376542
GBR,72,5,5.13696735499166,7.871958956199915,0.9914570235543558,0.9806036562676511
BRT,72,1,5.623543594862872,10.30488610770586,0.9898952799018773,0.9649690393500542
BRT,72,2,4.713983779501711,7.681097584419998,0.9929483171441955,0.9799362820860752
BRT,72,3,5.049236789874282,5.429880329985639,0.991761119849225,0.9906970029235992
BRT,72,4,5.29797744539659,9.91301494628655,0.9909035038919906,0.9693550974697809
BRT,72,5,4.400359912418223,6.948808113123124,0.9937313792425988,0.9848861583434669
